<?xml version="1.0"?>
<!DOCTYPE service-builder PUBLIC "-//Liferay//DTD Service Builder 7.0.0//EN" "http://www.liferay.com/dtd/liferay-service-builder_7_0_0.dtd">

<service-builder package-path="com.MappingServices">
	<namespace>Ashokleyland</namespace>
	<!--<entity data-source="sampleDataSource" local-service="true" name="Foo" remote-service="false" session-factory="sampleSessionFactory" table="foo" tx-manager="sampleTransactionManager uuid="true"">-->
	<entity local-service="true" name="UserExternal" remote-service="true" uuid="true">
     <column name="uid" type="long" primary="true"></column>
     <column name="Location" type="String"></column>
	 <column name="createDate" type="Date" />
	 <column name="modifiedDate" type="Date" />     
	</entity>
</service-builder>