<?xml version="1.0"?>
<!DOCTYPE hibernate-mapping PUBLIC "-//Hibernate/Hibernate Mapping DTD 3.0//EN" "http://hibernate.sourceforge.net/hibernate-mapping-3.0.dtd">

<hibernate-mapping auto-import="false" default-lazy="false">
	<import class="com.servicemapping.model.course" />
	<import class="com.servicemapping.model.location" />
	<import class="com.servicemapping.model.registrationDetails" />
	<class name="com.servicemapping.model.impl.courseImpl" table="DDTI_course">
		<id name="courseId" type="long">
			<generator class="assigned" />
		</id>
		<property column="uuid_" name="uuid" type="com.liferay.portal.dao.orm.hibernate.StringType" />
		<property name="courseName" type="com.liferay.portal.dao.orm.hibernate.StringType" />
		<property name="fee" type="com.liferay.portal.dao.orm.hibernate.LongType" />
		<property name="startDate" type="org.hibernate.type.TimestampType" />
		<property name="endDate" type="org.hibernate.type.TimestampType" />
		<property name="maxseats" type="com.liferay.portal.dao.orm.hibernate.LongType" />
		<property name="groupId" type="com.liferay.portal.dao.orm.hibernate.LongType" />
		<property name="companyId" type="com.liferay.portal.dao.orm.hibernate.LongType" />
		<property name="userId" type="com.liferay.portal.dao.orm.hibernate.LongType" />
		<property name="userName" type="com.liferay.portal.dao.orm.hibernate.StringType" />
		<property name="createDate" type="org.hibernate.type.TimestampType" />
		<property name="modifiedDate" type="org.hibernate.type.TimestampType" />
	</class>
	<class name="com.servicemapping.model.impl.locationImpl" table="DDTI_location">
		<id name="locationId" type="long">
			<generator class="assigned" />
		</id>
		<property column="uuid_" name="uuid" type="com.liferay.portal.dao.orm.hibernate.StringType" />
		<property name="locationName" type="com.liferay.portal.dao.orm.hibernate.StringType" />
		<property name="groupId" type="com.liferay.portal.dao.orm.hibernate.LongType" />
		<property name="companyId" type="com.liferay.portal.dao.orm.hibernate.LongType" />
		<property name="userId" type="com.liferay.portal.dao.orm.hibernate.LongType" />
		<property name="userName" type="com.liferay.portal.dao.orm.hibernate.StringType" />
		<property name="createDate" type="org.hibernate.type.TimestampType" />
		<property name="modifiedDate" type="org.hibernate.type.TimestampType" />
	</class>
	<class name="com.servicemapping.model.impl.registrationDetailsImpl" table="DDTI_registrationDetails">
		<id name="registrationId" type="long">
			<generator class="assigned" />
		</id>
		<property column="uuid_" name="uuid" type="com.liferay.portal.dao.orm.hibernate.StringType" />
		<property name="firstName" type="com.liferay.portal.dao.orm.hibernate.StringType" />
		<property name="lastName" type="com.liferay.portal.dao.orm.hibernate.StringType" />
		<property name="surName" type="com.liferay.portal.dao.orm.hibernate.StringType" />
		<property name="address" type="com.liferay.portal.dao.orm.hibernate.StringType" />
		<property name="contactNumber" type="com.liferay.portal.dao.orm.hibernate.LongType" />
		<property name="gender" type="com.liferay.portal.dao.orm.hibernate.BooleanType" />
		<property name="imagepath" type="com.liferay.portal.dao.orm.hibernate.StringType" />
		<property name="groupId" type="com.liferay.portal.dao.orm.hibernate.LongType" />
		<property name="companyId" type="com.liferay.portal.dao.orm.hibernate.LongType" />
		<property name="userId" type="com.liferay.portal.dao.orm.hibernate.LongType" />
		<property name="userName" type="com.liferay.portal.dao.orm.hibernate.StringType" />
		<property name="createDate" type="org.hibernate.type.TimestampType" />
		<property name="modifiedDate" type="org.hibernate.type.TimestampType" />
	</class>
</hibernate-mapping>