<?xml version="1.0"?>

<model-hints>
	<model name="com.servicemapping.model.course">
		<field name="uuid" type="String" />
		<field name="courseId" type="long" />
		<field name="courseName" type="String" />
		<field name="fee" type="long" />
		<field name="startDate" type="Date" />
		<field name="endDate" type="Date" />
		<field name="maxseats" type="long" />
		<field name="groupId" type="long" />
		<field name="companyId" type="long" />
		<field name="userId" type="long" />
		<field name="userName" type="String" />
		<field name="createDate" type="Date" />
		<field name="modifiedDate" type="Date" />
	</model>
	<model name="com.servicemapping.model.location">
		<field name="uuid" type="String" />
		<field name="locationId" type="long" />
		<field name="locationName" type="String" />
		<field name="groupId" type="long" />
		<field name="companyId" type="long" />
		<field name="userId" type="long" />
		<field name="userName" type="String" />
		<field name="createDate" type="Date" />
		<field name="modifiedDate" type="Date" />
	</model>
	<model name="com.servicemapping.model.registrationDetails">
		<field name="uuid" type="String" />
		<field name="registrationId" type="long" />
		<field name="firstName" type="String" />
		<field name="lastName" type="String" />
		<field name="surName" type="String" />
		<field name="address" type="String" />
		<field name="contactNumber" type="long" />
		<field name="gender" type="boolean" />
		<field name="imagepath" type="String" />
		<field name="groupId" type="long" />
		<field name="companyId" type="long" />
		<field name="userId" type="long" />
		<field name="userName" type="String" />
		<field name="createDate" type="Date" />
		<field name="modifiedDate" type="Date" />
	</model>
</model-hints>