<?xml version="1.0"?>
<!DOCTYPE service-builder PUBLIC "-//Liferay//DTD Service Builder 7.0.0//EN" "http://www.liferay.com/dtd/liferay-service-builder_7_0_0.dtd">

<service-builder package-path="com.servicemapping">
	<namespace>DDTI</namespace>
<!--<entity data-source="sampleDataSource" local-service="true" name="Foo" remote-service="false" session-factory="sampleSessionFactory" table="foo" tx-manager="sampleTransactionManager uuid="true"">-->
<entity local-service="true" name="location" remote-service="true" uuid="true">

<!-- PK fields -->
  <column name="locationId" primary="true" type="long" />
          <column name="locationName" type="String" />

<!-- Audit fields -->
<column name="groupId" type="long" />
<column name="companyId" type="long" />
<column name="userId" type="long" />
<column name="userName" type="String" />
<column name="createDate" type="Date" />
<column name="modifiedDate" type="Date" />
        <!-- Audit fields -->
<column name="location_course" type="Collection" entity="course" mapping-table="location_course"/>
</entity>

<entity local-service="true" name="course" remote-service="true" uuid="true">

<!-- PK fields -->
   <column name="courseId" primary="true" type="long" />
           <column name="courseName" type="String" />
           <column name="fee" type="long" />
           <column name="startDate" type="Date" />
           <column name="endDate" type="Date" />
           <column name="maxseats" type="long" />

<!-- Audit fields -->
<column name="groupId" type="long" />
<column name="companyId" type="long" />
<column name="userId" type="long" />
<column name="userName" type="String" />
<column name="createDate" type="Date" />
<column name="modifiedDate" type="Date" />
        <!-- Audit fields -->
<column name="course_location" type="Collection" entity="location" mapping-table="location_course"/>
<column name="course_registrationDetails" type="Collection" entity="registrationDetails" mapping-table="registrationDetails_course"/>

</entity>

<entity local-service="true" name="registrationDetails" remote-service="true" uuid="true">

    <!-- PK fields -->
        <column name="registrationId" primary="true" type="long" />
        <!-- PK fields -->
        
             <!-- registrationDetails -->
             <column name="firstName" type="String" />
             <column name="lastName" type="String" />
             <column name="surName" type="String" />
             <column name="address" type="String" />
             <column name="contactNumber" type="long" />
              <column name="gender" type="boolean" />
               <column name="imagepath" type="String" />
               <!-- registrationDetails -->
<!-- Audit fields -->
<column name="groupId" type="long" />
<column name="companyId" type="long" />
<column name="userId" type="long" />
<column name="userName" type="String" />
<column name="createDate" type="Date" />
<column name="modifiedDate" type="Date" />
        <!-- Audit fields -->
<column name="registrationDetails_course" type="Collection" entity="course" mapping-table="registrationDetails_course"/>
</entity>
	
</service-builder>